provider,code,latitude,longitude
adaptive,AMS,52.31,4.76
adaptive,BOM,19.1,72.87
adaptive,CDG,49,2.57
adaptive,CMH,40,-82.88
adaptive,DFW,32.9,-97.04
adaptive,DUB,53.43,-6.24
adaptive,GRU,-23.43,-46.48
adaptive,HEL,60.32,24.97
adaptive,ICN,37.45,126.45
adaptive,JFK,40.64,-73.79
adaptive,LHR,51.47,-0.45
adaptive,MAD,40.47,-3.57
adaptive,MEX,19.44,-99.07
adaptive,MIA,25.8,-80.28
adaptive,NRT,35.77,140.39
adaptive,NUE,49.49,11.08
adaptive,PDX,45.59,-122.59
adaptive,SFO,37.62,-122.39
adaptive,SIN,1.36,103.99
adaptive,SYD,-33.93,151.18
adaptive,YYZ,43.68,-79.61
alibaba,BKK,13.69,100.75
alibaba,CAN,23.39,113.3
alibaba,CDG,49,2.57
alibaba,CGK,-6.13,106.66
alibaba,CTU,30.58,103.96
alibaba,DXB,25.25,55.35
alibaba,FOC,25.93,119.67
alibaba,FRA,50.05,8.57
alibaba,GRU,-23.43,-46.48
alibaba,HET,40.85,111.81
alibaba,HGH,30.24,120.43
alibaba,HKG,22.32,113.94
alibaba,HUZ,23.08,114.37
alibaba,IAD,38.95,-77.45
alibaba,ICN,37.45,126.45
alibaba,JHB,1.64,103.67
alibaba,KUL,2.76,101.71
alibaba,LHR,51.47,-0.45
alibaba,MNL,14.51,121.01
alibaba,NKG,31.74,118.87
alibaba,NRT,35.77,140.39
alibaba,PEK,40.08,116.59
alibaba,QRO,20.6,-100.38
alibaba,RUH,24.96,46.7
alibaba,SHA,31.2,121.34
alibaba,SIN,1.36,103.99
alibaba,SJC,37.37,-121.93
alibaba,SZX,22.64,113.81
alibaba,TAO,36.27,120.38
alibaba,UCB,41.13,113.11
alibaba,WUH,30.78,114.21
alibaba,ZHY,37.57,105.15
alibaba,ZQZ,40.74,114.93
arubacloud,CDG,49,2.57
arubacloud,FCO,41.79,12.25
arubacloud,FRA,50.05,8.57
arubacloud,LHR,51.47,-0.45
arubacloud,MXP,45.63,8.71
arubacloud,PRG,50.11,14.27
arubacloud,QZO,43.46,11.85
arubacloud,WAW,52.17,20.97
atlanticnet,DFW,32.9,-97.04
atlanticnet,IAD,38.95,-77.45
atlanticnet,JFK,40.64,-73.79
atlanticnet,LHR,51.47,-0.45
atlanticnet,MCO,28.43,-81.31
atlanticnet,SFO,37.62,-122.39
atlanticnet,SIN,1.36,103.99
atlanticnet,YYZ,43.68,-79.61
azurecdn,AKL,-37,174.78
azurecdn,AMS,52.31,4.76
azurecdn,ARN,59.65,17.93
azurecdn,ATH,37.94,23.95
azurecdn,ATL,33.64,-84.44
azurecdn,BCN,41.3,2.08
azurecdn,BER,52.37,13.5
azurecdn,BKK,13.69,100.75
azurecdn,BNA,36.13,-86.67
azurecdn,BNE,-27.4,153.11
azurecdn,BOG,4.7,-74.14
azurecdn,BOM,19.1,72.87
azurecdn,BOS,42.37,-71.02
azurecdn,BRU,50.9,4.48
azurecdn,BUD,47.43,19.26
azurecdn,CAI,30.12,31.41
azurecdn,CDG,49,2.57
azurecdn,CGK,-6.13,106.66
azurecdn,CLT,35.22,-80.94
azurecdn,CPH,55.63,12.65
azurecdn,CPQ,-22.86,-47.11
azurecdn,CPT,-33.97,18.6
azurecdn,CVG,39.06,-84.66
azurecdn,CWL,51.4,-3.34
azurecdn,CYS,41.16,-104.82
azurecdn,DEL,28.56,77.1
azurecdn,DEN,39.85,-104.67
azurecdn,DFW,32.9,-97.04
azurecdn,DOH,25.27,51.56
azurecdn,DSM,41.53,-93.65
azurecdn,DTW,42.21,-83.36
azurecdn,DUB,53.43,-6.24
azurecdn,DUS,51.28,6.77
azurecdn,DXB,25.25,55.35
azurecdn,EWR,40.69,-74.18
azurecdn,EZE,-34.81,-58.54
azurecdn,FCO,41.79,12.25
azurecdn,FRA,50.05,8.57
azurecdn,GIG,-22.81,-43.25
azurecdn,GRU,-23.43,-46.48
azurecdn,GVA,46.23,6.11
azurecdn,GVX,60.59,16.95
azurecdn,HEL,60.32,24.97
azurecdn,HKG,22.32,113.94
azurecdn,HND,35.55,139.78
azurecdn,HNL,21.33,-157.92
azurecdn,HYD,17.24,78.43
azurecdn,IAD,38.95,-77.45
azurecdn,IAH,29.98,-95.34
azurecdn,ICN,37.45,126.45
azurecdn,IST,40.98,28.82
azurecdn,JAX,30.49,-81.68
azurecdn,JFK,40.64,-73.79
azurecdn,JGA,22.46,70.01
azurecdn,JNB,-26.13,28.23
azurecdn,KIX,34.44,135.24
azurecdn,KUL,2.76,101.71
azurecdn,LAD,-8.85,13.23
azurecdn,LAS,36.09,-115.15
azurecdn,LAX,33.94,-118.41
azurecdn,LHR,51.47,-0.45
azurecdn,LIS,38.77,-9.13
azurecdn,LOS,6.58,3.32
azurecdn,MAA,12.98,80.16
azurecdn,MAD,40.47,-3.57
azurecdn,MAN,53.36,-2.27
azurecdn,MEL,-37.67,144.85
azurecdn,MEM,35.04,-89.98
azurecdn,MIA,25.8,-80.28
azurecdn,MNL,14.51,121.01
azurecdn,MRS,43.44,5.22
azurecdn,MSP,44.88,-93.21
azurecdn,MUC,48.35,11.79
azurecdn,MWH,47.21,-119.32
azurecdn,MXP,45.63,8.71
azurecdn,NBO,-1.32,36.93
azurecdn,NRT,35.77,140.39
azurecdn,ORD,41.98,-87.9
azurecdn,OSL,60.19,11.1
azurecdn,OTP,44.57,26.08
azurecdn,PAO,37.46,-122.11
azurecdn,PDX,45.59,-122.59
azurecdn,PER,-31.93,115.96
azurecdn,PHL,39.88,-75.24
azurecdn,PHX,33.44,-112
azurecdn,PNQ,18.58,73.92
azurecdn,PRG,50.11,14.27
azurecdn,PUS,35.18,128.95
azurecdn,QRO,20.6,-100.38
azurecdn,RBA,34.04,-6.75
azurecdn,RDU,35.87,-78.79
azurecdn,SAT,29.52,-98.47
azurecdn,SCL,-33.4,-70.79
azurecdn,SEA,47.44,-122.3
azurecdn,SGN,10.81,106.66
azurecdn,SIN,1.36,103.99
azurecdn,SJC,37.37,-121.93
azurecdn,SLC,40.79,-111.98
azurecdn,SOF,42.69,23.41
azurecdn,SVG,58.88,5.63
azurecdn,SYD,-33.93,151.18
azurecdn,TLV,32,34.87
azurecdn,TPE,25.08,121.22
azurecdn,VIE,48.12,16.56
azurecdn,WAW,52.17,20.97
azurecdn,YQB,46.79,-71.38
azurecdn,YUL,45.46,-73.75
azurecdn,YVR,49.19,-123.18
azurecdn,YYZ,43.68,-79.61
azurecdn,ZAG,45.73,16.06
azurecdn,ZRH,47.45,8.56
azurevm,AKL,-37,174.78
azurevm,AMS,52.31,4.76
azurevm,AUH,24.43,54.65
azurevm,BER,52.37,13.5
azurevm,BOM,19.1,72.87
azurevm,BRU,50.9,4.48
azurevm,CBR,-35.31,149.19
azurevm,CDG,49,2.57
azurevm,CGK,-6.13,106.66
azurevm,CHI,41.88,-87.77
azurevm,CPH,55.63,12.65
azurevm,CPT,-33.97,18.6
azurevm,CWL,51.4,-3.34
azurevm,CYS,41.16,-104.82
azurevm,DOH,25.27,51.56
azurevm,DSM,41.53,-93.65
azurevm,DUB,53.43,-6.24
azurevm,DXB,25.25,55.35
azurevm,FRA,50.05,8.57
azurevm,GIG,-22.81,-43.25
azurevm,GRU,-23.43,-46.48
azurevm,GVA,46.23,6.11
azurevm,GVX,60.59,16.95
azurevm,HKG,22.32,113.94
azurevm,HYD,17.24,78.43
azurevm,IAD,38.95,-77.45
azurevm,ICN,37.45,126.45
azurevm,ITM,34.79,135.44
azurevm,JNB,-26.13,28.23
azurevm,KUL,2.76,101.71
azurevm,LHR,51.47,-0.45
azurevm,MAA,12.98,80.16
azurevm,MAD,40.47,-3.57
azurevm,MEL,-37.67,144.85
azurevm,MRS,43.44,5.22
azurevm,MWH,47.21,-119.32
azurevm,MXP,45.63,8.71
azurevm,OSL,60.19,11.1
azurevm,PEK,40.08,116.59
azurevm,PHX,33.44,-112
azurevm,PNQ,18.58,73.92
azurevm,PUS,35.18,128.95
azurevm,QRO,20.6,-100.38
azurevm,SAT,29.52,-98.47
azurevm,SCL,-33.4,-70.79
azurevm,SHA,31.2,121.34
azurevm,SIN,1.36,103.99
azurevm,SJC,37.37,-121.93
azurevm,SVG,58.88,5.63
azurevm,SYD,-33.93,151.18
azurevm,TLV,32,34.87
azurevm,TYO,35.55,139.78
azurevm,VIE,48.12,16.56
azurevm,WAW,52.17,20.97
azurevm,YQB,46.79,-71.38
azurevm,YYZ,43.68,-79.61
azurevm,ZRH,47.45,8.56
backblaze,AMS,52.31,4.76
backblaze,IAD,38.95,-77.45
backblaze,PHX,33.44,-112
backblaze,SCK,37.89,-121.24
backblaze,SMF,38.69,-121.59
backblaze,YYZ,43.68,-79.61
bunnycdn,ADL,-34.94,138.54
bunnycdn,AKL,-37,174.78
bunnycdn,ALA,43.35,77.01
bunnycdn,AMS,52.31,4.76
bunnycdn,ARN,59.65,17.93
bunnycdn,ATH,37.94,23.95
bunnycdn,ATL,33.64,-84.44
bunnycdn,BAH,26.27,50.63
bunnycdn,BEG,44.82,20.31
bunnycdn,BGW,33.28,44.5
bunnycdn,BKK,13.69,100.75
bunnycdn,BLR,13.2,77.71
bunnycdn,BNE,-27.4,153.11
bunnycdn,BOG,4.7,-74.14
bunnycdn,BOM,19.1,72.87
bunnycdn,BOS,42.37,-71.02
bunnycdn,BRU,50.9,4.48
bunnycdn,BSB,-15.87,-47.92
bunnycdn,BTS,48.17,17.2
bunnycdn,BUD,47.43,19.26
bunnycdn,CAI,30.12,31.41
bunnycdn,CCU,22.65,88.44
bunnycdn,CDG,49,2.57
bunnycdn,CGK,-6.13,106.66
bunnycdn,CLT,35.22,-80.94
bunnycdn,CPH,55.63,12.65
bunnycdn,CPT,-33.97,18.6
bunnycdn,CWB,-25.53,-49.18
bunnycdn,DAC,23.85,90.41
bunnycdn,DEL,28.56,77.1
bunnycdn,DEN,39.85,-104.67
bunnycdn,DFW,32.9,-97.04
bunnycdn,DME,55.41,37.9
bunnycdn,DUB,53.43,-6.24
bunnycdn,DXB,25.25,55.35
bunnycdn,EVN,40.15,44.4
bunnycdn,EZE,-34.81,-58.54
bunnycdn,FJR,25.11,56.33
bunnycdn,FOR,-3.78,-38.54
bunnycdn,FRA,50.05,8.57
bunnycdn,GIG,-22.81,-43.25
bunnycdn,GRU,-23.43,-46.48
bunnycdn,GUA,14.59,-90.53
bunnycdn,GUM,13.49,144.8
bunnycdn,GYD,40.46,50.05
bunnycdn,HEL,60.32,24.97
bunnycdn,HKG,22.32,113.94
bunnycdn,HNL,21.33,-157.92
bunnycdn,IAD,38.95,-77.45
bunnycdn,IAH,29.98,-95.34
bunnycdn,ICN,37.45,126.45
bunnycdn,IST,40.98,28.82
bunnycdn,JFK,40.64,-73.79
bunnycdn,JNB,-26.13,28.23
bunnycdn,KBP,50.34,30.9
bunnycdn,KEF,64,-22.62
bunnycdn,KHI,24.9,67.17
bunnycdn,KIV,46.94,28.93
bunnycdn,KTM,27.7,85.36
bunnycdn,KUL,2.76,101.71
bunnycdn,KWI,29.24,47.97
bunnycdn,LAD,-8.85,13.23
bunnycdn,LAX,33.94,-118.41
bunnycdn,LCA,34.88,33.63
bunnycdn,LHR,51.47,-0.45
bunnycdn,LIM,-12.02,-77.11
bunnycdn,LIS,38.77,-9.13
bunnycdn,LJU,46.23,14.45
bunnycdn,LOS,6.58,3.32
bunnycdn,LPB,-16.51,-68.18
bunnycdn,LUX,49.63,6.21
bunnycdn,MAA,12.98,80.16
bunnycdn,MAD,40.47,-3.57
bunnycdn,MCI,39.29,-94.72
bunnycdn,MEL,-37.67,144.85
bunnycdn,MEX,19.44,-99.07
bunnycdn,MIA,25.8,-80.28
bunnycdn,MNL,14.51,121.01
bunnycdn,MRS,43.44,5.22
bunnycdn,MSP,44.88,-93.21
bunnycdn,MXP,45.63,8.71
bunnycdn,NBO,-1.32,36.93
bunnycdn,NRT,35.77,140.39
bunnycdn,OGD,41.19,-112.01
bunnycdn,ORD,41.98,-87.9
bunnycdn,OSL,60.19,11.1
bunnycdn,OTP,44.57,26.08
bunnycdn,PER,-31.93,115.96
bunnycdn,PHX,33.44,-112
bunnycdn,PIT,40.5,-80.26
bunnycdn,PNH,11.55,104.85
bunnycdn,POA,-29.99,-51.18
bunnycdn,PRG,50.11,14.27
bunnycdn,RBA,34.04,-6.75
bunnycdn,RGN,16.9,96.13
bunnycdn,RIX,56.92,23.98
bunnycdn,RUH,24.96,46.7
bunnycdn,SCL,-33.4,-70.79
bunnycdn,SEA,47.44,-122.3
bunnycdn,SGN,10.81,106.66
bunnycdn,SIN,1.36,103.99
bunnycdn,SJC,37.37,-121.93
bunnycdn,SJJ,43.83,18.34
bunnycdn,SJO,10,-84.2
bunnycdn,SJU,18.44,-66
bunnycdn,SOF,42.69,23.41
bunnycdn,SSA,-12.91,-38.34
bunnycdn,SYD,-33.93,151.18
bunnycdn,TBS,41.67,44.96
bunnycdn,TLV,32,34.87
bunnycdn,TPE,25.08,121.22
bunnycdn,UIO,-0.12,-78.36
bunnycdn,ULN,47.85,106.76
bunnycdn,VIE,48.12,16.56
bunnycdn,VNO,54.64,25.28
bunnycdn,WAW,52.17,20.97
bunnycdn,YUL,45.46,-73.75
bunnycdn,YVR,49.19,-123.18
bunnycdn,YYZ,43.68,-79.61
bunnycdn,ZAG,45.73,16.06
bunnycdn,ZRH,47.45,8.56
cachefly,AKL,-37,174.78
cachefly,AMS,52.31,4.76
cachefly,ARN,59.65,17.93
cachefly,ATH,37.94,23.95
cachefly,ATL,33.64,-84.44
cachefly,BKK,13.69,100.75
cachefly,BNE,-27.4,153.11
cachefly,BOG,4.7,-74.14
cachefly,BOM,19.1,72.87
cachefly,BOS,42.37,-71.02
cachefly,BSB,-15.87,-47.92
cachefly,BUD,47.43,19.26
cachefly,CDG,49,2.57
cachefly,CGK,-6.13,106.66
cachefly,CMH,40,-82.88
cachefly,CWB,-25.53,-49.18
cachefly,DAC,23.85,90.41
cachefly,DEN,39.85,-104.67
cachefly,DFW,32.9,-97.04
cachefly,DME,55.41,37.9
cachefly,DOH,25.27,51.56
cachefly,DVN,41.61,-90.59
cachefly,DXB,25.25,55.35
cachefly,EZE,-34.81,-58.54
cachefly,FOR,-3.78,-38.54
cachefly,FRA,50.05,8.57
cachefly,GDL,20.53,-103.3
cachefly,GIG,-22.81,-43.25
cachefly,GRU,-23.43,-46.48
cachefly,GUA,14.59,-90.53
cachefly,HAN,21.21,105.8
cachefly,HKG,22.32,113.94
cachefly,IAD,38.95,-77.45
cachefly,ICN,37.45,126.45
cachefly,IST,40.98,28.82
cachefly,JFK,40.64,-73.79
cachefly,JNB,-26.13,28.23
cachefly,KBP,50.34,30.9
cachefly,KHI,24.9,67.17
cachefly,KUL,2.76,101.71
cachefly,LAX,33.94,-118.41
cachefly,LED,59.81,30.31
cachefly,LHR,51.47,-0.45
cachefly,LIM,-12.02,-77.11
cachefly,LIS,38.77,-9.13
cachefly,LOS,6.58,3.32
cachefly,LPB,-16.51,-68.18
cachefly,MAD,40.47,-3.57
cachefly,MEL,-37.67,144.85
cachefly,MEX,19.44,-99.07
cachefly,MIA,25.8,-80.28
cachefly,MNL,14.51,121.01
cachefly,MXP,45.63,8.71
cachefly,NBO,-1.32,36.93
cachefly,NRT,35.77,140.39
cachefly,ORD,41.98,-87.9
cachefly,OTP,44.57,26.08
cachefly,PEK,40.08,116.59
cachefly,PER,-31.93,115.96
cachefly,PHX,33.44,-112
cachefly,PMO,38.19,13.1
cachefly,POA,-29.99,-51.18
cachefly,QRO,20.6,-100.38
cachefly,RIX,56.92,23.98
cachefly,RUH,24.96,46.7
cachefly,SCL,-33.4,-70.79
cachefly,SEA,47.44,-122.3
cachefly,SHA,31.2,121.34
cachefly,SIN,1.36,103.99
cachefly,SJC,37.37,-121.93
cachefly,SJO,10,-84.2
cachefly,SJU,18.44,-66
cachefly,SOF,42.69,23.41
cachefly,SSA,-12.91,-38.34
cachefly,SYD,-33.93,151.18
cachefly,TLV,32,34.87
cachefly,TPE,25.08,121.22
cachefly,UIO,-0.12,-78.36
cachefly,VIE,48.12,16.56
cachefly,VNO,54.64,25.28
cachefly,WAW,52.17,20.97
cachefly,YUL,45.46,-73.75
cachefly,YYC,51.13,-114.01
cachefly,YYZ,43.68,-79.61
cachefly,ZAG,45.73,16.06
cachefly,ZRH,47.45,8.56
cdn77,AKL,-37,174.78
cdn77,AMS,52.31,4.76
cdn77,ARN,59.65,17.93
cdn77,ATH,37.94,23.95
cdn77,ATL,33.64,-84.44
cdn77,BER,52.37,13.5
cdn77,BOD,44.83,-0.7
cdn77,BOG,4.7,-74.14
cdn77,BOM,19.1,72.87
cdn77,BOS,42.37,-71.02
cdn77,BRU,50.9,4.48
cdn77,BTS,48.17,17.2
cdn77,BUD,47.43,19.26
cdn77,CDG,49,2.57
cdn77,CGK,-6.13,106.66
cdn77,CPH,55.63,12.65
cdn77,CPT,-33.97,18.6
cdn77,DEN,39.85,-104.67
cdn77,DFW,32.9,-97.04
cdn77,DME,55.41,37.9
cdn77,DUB,53.43,-6.24
cdn77,EBL,36.24,43.96
cdn77,EZE,-34.81,-58.54
cdn77,FJR,25.11,56.33
cdn77,FOR,-3.78,-38.54
cdn77,FRA,50.05,8.57
cdn77,GRU,-23.43,-46.48
cdn77,GYE,-2.14,-79.88
cdn77,HEL,60.32,24.97
cdn77,HKG,22.32,113.94
cdn77,IAD,38.95,-77.45
cdn77,IAH,29.98,-95.34
cdn77,ICN,37.45,126.45
cdn77,IEV,50.4,30.45
cdn77,IST,40.98,28.82
cdn77,JED,21.67,39.15
cdn77,JFK,40.64,-73.79
cdn77,JNB,-26.13,28.23
cdn77,KBP,50.34,30.9
cdn77,LAX,33.94,-118.41
cdn77,LHR,51.47,-0.45
cdn77,LIM,-12.02,-77.11
cdn77,LIS,38.77,-9.13
cdn77,LOS,6.58,3.32
cdn77,MAD,40.47,-3.57
cdn77,MAN,53.36,-2.27
cdn77,MCT,23.59,58.29
cdn77,MEL,-37.67,144.85
cdn77,MFE,26.18,-98.24
cdn77,MIA,25.8,-80.28
cdn77,MRS,43.44,5.22
cdn77,MSQ,53.89,28.03
cdn77,MXP,45.63,8.71
cdn77,NRT,35.77,140.39
cdn77,ORD,41.98,-87.9
cdn77,OSL,60.19,11.1
cdn77,OTP,44.57,26.08
cdn77,PMO,38.19,13.1
cdn77,PRG,50.11,14.27
cdn77,PTY,9.07,-79.39
cdn77,QRO,20.6,-100.38
cdn77,RUH,24.96,46.7
cdn77,SCL,-33.4,-70.79
cdn77,SEA,47.44,-122.3
cdn77,SIN,1.36,103.99
cdn77,SJC,37.37,-121.93
cdn77,SOF,42.69,23.41
cdn77,SYD,-33.93,151.18
cdn77,TLV,32,34.87
cdn77,TPE,25.08,121.22
cdn77,UIO,-0.12,-78.36
cdn77,VIE,48.12,16.56
cdn77,WAW,52.17,20.97
cdn77,YUL,45.46,-73.75
cdn77,YVR,49.19,-123.18
cdn77,YYZ,43.68,-79.61
cdn77,ZAG,45.73,16.06
cdn77,ZRH,47.45,8.56
cloudflare,AAE,36.82,7.81
cloudflare,ABJ,5.25,-3.93
cloudflare,ABQ,35.05,-106.62
cloudflare,ACC,5.61,-0.17
cloudflare,ACX,25.09,104.96
cloudflare,ADB,38.29,27.15
cloudflare,ADD,8.98,38.8
cloudflare,ADL,-34.94,138.54
cloudflare,AGR,27.16,77.96
cloudflare,AIP,31.43,75.76
cloudflare,AKL,-37,174.78
cloudflare,AKX,50.25,57.2
cloudflare,ALA,43.35,77.01
cloudflare,ALG,36.7,3.21
cloudflare,AMD,23.07,72.62
cloudflare,AMM,31.72,35.99
cloudflare,AMS,52.31,4.76
cloudflare,ANC,61.17,-150
cloudflare,ARI,-18.35,-70.34
cloudflare,ARN,59.65,17.93
cloudflare,ARU,-21.14,-50.43
cloudflare,ASK,6.82,-5.28
cloudflare,ASU,-25.24,-57.51
cloudflare,ATH,37.94,23.95
cloudflare,ATL,33.64,-84.44
cloudflare,AUS,30.2,-97.67
cloudflare,AVA,26.26,105.87
cloudflare,BAH,26.27,50.63
cloudflare,BAQ,10.89,-74.78
cloudflare,BBI,20.25,85.82
cloudflare,BCN,41.3,2.08
cloudflare,BDQ,22.47,70.01
cloudflare,BEG,44.82,20.31
cloudflare,BEL,-1.39,-48.48
cloudflare,BEY,33.83,35.49
cloudflare,BGI,13.08,-59.49
cloudflare,BGR,44.81,-68.82
cloudflare,BGW,33.28,44.5
cloudflare,BKK,13.69,100.75
cloudflare,BLR,13.2,77.71
cloudflare,BNA,36.13,-86.67
cloudflare,BNE,-27.4,153.11
cloudflare,BNU,-27,-49
cloudflare,BOD,44.83,-0.7
cloudflare,BOG,4.7,-74.14
cloudflare,BOM,19.1,72.87
cloudflare,BOS,42.37,-71.02
cloudflare,BRU,50.9,4.48
cloudflare,BSB,-15.87,-47.92
cloudflare,BSR,30.56,47.79
cloudflare,BTS,48.17,17.2
cloudflare,BUD,47.43,19.26
cloudflare,BUF,42.93,-78.73
cloudflare,BWN,4.95,114.93
cloudflare,CAI,30.12,31.41
cloudflare,CAN,23.39,113.3
cloudflare,CAW,-21.7,-41.3
cloudflare,CBR,-35.31,149.19
cloudflare,CCP,-36.77,-73.06
cloudflare,CCU,22.65,88.44
cloudflare,CDG,49,2.57
cloudflare,CEB,10.31,123.98
cloudflare,CFC,-26.79,-50.94
cloudflare,CGB,-15.65,-56.12
cloudflare,CGD,28.92,111.64
cloudflare,CGK,-6.13,106.66
cloudflare,CGO,34.53,113.84
cloudflare,CGP,22.25,91.82
cloudflare,CGY,8.61,124.46
cloudflare,CHC,-43.49,172.54
cloudflare,CJB,11.03,77.04
cloudflare,CKG,29.72,106.63
cloudflare,CLE,41.41,-81.84
cloudflare,CLO,3.54,-76.38
cloudflare,CLT,35.22,-80.94
cloudflare,CMB,7.17,79.89
cloudflare,CMH,40,-82.88
cloudflare,CNF,-19.63,-43.96
cloudflare,CNN,56.9,124.88
cloudflare,CNX,18.77,98.97
cloudflare,COK,10.16,76.39
cloudflare,COR,-31.32,-64.21
cloudflare,CPH,55.63,12.65
cloudflare,CPT,-33.97,18.6
cloudflare,CRK,15.18,120.55
cloudflare,CSX,28.19,113.21
cloudflare,CTU,30.58,103.96
cloudflare,CVG,39.06,-84.66
cloudflare,CWB,-25.53,-49.18
cloudflare,CZL,36.28,6.62
cloudflare,CZX,31.91,119.78
cloudflare,DAC,23.85,90.41
cloudflare,DAD,16.06,108.2
cloudflare,DAR,-6.87,39.2
cloudflare,DEL,28.56,77.1
cloudflare,DEN,39.85,-104.67
cloudflare,DFW,32.9,-97.04
cloudflare,DKR,14.74,-17.49
cloudflare,DLA,4.01,9.72
cloudflare,DLC,38.96,121.54
cloudflare,DME,55.41,37.9
cloudflare,DMM,26.47,49.8
cloudflare,DOH,25.27,51.56
cloudflare,DPS,-8.75,115.17
cloudflare,DTW,42.21,-83.36
cloudflare,DUB,53.43,-6.24
cloudflare,DUR,-29.61,31.12
cloudflare,DUS,51.28,6.77
cloudflare,DXB,25.25,55.35
cloudflare,DYU,38.55,68.82
cloudflare,EBB,0.05,32.44
cloudflare,EBL,36.24,43.96
cloudflare,EVN,40.15,44.4
cloudflare,EWR,40.69,-74.18
cloudflare,EZE,-34.81,-58.54
cloudflare,FCO,41.79,12.25
cloudflare,FIH,-4.39,15.45
cloudflare,FLN,-27.66,-48.55
cloudflare,FOC,25.93,119.67
cloudflare,FOR,-3.78,-38.54
cloudflare,FRA,50.05,8.57
cloudflare,FRU,43.05,74.47
cloudflare,FSD,43.58,-96.73
cloudflare,FUK,33.58,130.44
cloudflare,FUO,23.13,113.28
cloudflare,GBE,-24.56,25.92
cloudflare,GDL,20.53,-103.3
cloudflare,GEO,6.5,-58.25
cloudflare,GIG,-22.81,-43.25
cloudflare,GND,12,-61.79
cloudflare,GOT,57.67,12.29
cloudflare,GRU,-23.43,-46.48
cloudflare,GUA,14.59,-90.53
cloudflare,GUM,13.49,144.8
cloudflare,GVA,46.23,6.11
cloudflare,GYD,40.46,50.05
cloudflare,GYE,-2.14,-79.88
cloudflare,GYN,-16.63,-49.23
cloudflare,HAK,19.94,110.46
cloudflare,HAM,53.63,10.01
cloudflare,HAN,21.21,105.8
cloudflare,HBA,-42.84,147.51
cloudflare,HEL,60.32,24.97
cloudflare,HFA,32.81,35.04
cloudflare,HGH,30.24,120.43
cloudflare,HKG,22.32,113.94
cloudflare,HNL,21.33,-157.92
cloudflare,HRE,-17.92,31.1
cloudflare,HYD,17.24,78.43
cloudflare,HYN,28.56,121.42
cloudflare,IAD,38.95,-77.45
cloudflare,IAH,29.98,-95.34
cloudflare,ICN,37.45,126.45
cloudflare,IND,39.71,-86.3
cloudflare,ISB,33.61,73.11
cloudflare,IST,40.98,28.82
cloudflare,ISU,35.56,45.31
cloudflare,IXC,30.67,76.8
cloudflare,JAX,30.49,-81.68
cloudflare,JDO,-7.2,-39.32
cloudflare,JED,21.67,39.15
cloudflare,JHB,1.64,103.67
cloudflare,JIB,11.55,43.15
cloudflare,JNB,-26.13,28.23
cloudflare,JOG,-7.79,110.44
cloudflare,JOI,-26.23,-48.78
cloudflare,JRG,21.91,84.05
cloudflare,JXG,30.7,120.66
cloudflare,KBP,50.34,30.9
cloudflare,KCH,1.48,110.34
cloudflare,KEF,64,-22.62
cloudflare,KGL,-1.96,30.14
cloudflare,KHH,22.57,120.35
cloudflare,KHI,24.9,67.17
cloudflare,KHN,28.86,115.91
cloudflare,KIN,17.94,-76.78
cloudflare,KIV,46.94,28.93
cloudflare,KIX,34.44,135.24
cloudflare,KJA,56.18,92.48
cloudflare,KMG,25.1,102.93
cloudflare,KNU,26.4,80.41
cloudflare,KTM,27.7,85.36
cloudflare,KUL,2.76,101.71
cloudflare,KWE,26.54,106.8
cloudflare,KWI,29.24,47.97
cloudflare,LAD,-8.85,13.23
cloudflare,LAS,36.09,-115.15
cloudflare,LAX,33.94,-118.41
cloudflare,LCA,34.88,33.63
cloudflare,LED,59.81,30.31
cloudflare,LHE,31.52,74.4
cloudflare,LHR,51.47,-0.45
cloudflare,LHW,36.51,103.62
cloudflare,LIM,-12.02,-77.11
cloudflare,LIS,38.77,-9.13
cloudflare,LJU,46.23,14.45
cloudflare,LLK,38.75,48.82
cloudflare,LLW,-13.79,33.78
cloudflare,LOS,6.58,3.32
cloudflare,LPB,-16.51,-68.18
cloudflare,LUH,30.9,75.85
cloudflare,LUN,-15.33,28.45
cloudflare,LUX,49.63,6.21
cloudflare,LYA,34.74,112.39
cloudflare,LYS,45.72,5.08
cloudflare,MAA,12.98,80.16
cloudflare,MAD,40.47,-3.57
cloudflare,MAN,53.36,-2.27
cloudflare,MAO,-3.03,-60.05
cloudflare,MBA,-4.03,39.6
cloudflare,MCI,39.29,-94.72
cloudflare,MCT,23.59,58.29
cloudflare,MDE,6.17,-75.43
cloudflare,MEL,-37.67,144.85
cloudflare,MEM,35.04,-89.98
cloudflare,MEX,19.44,-99.07
cloudflare,MFM,22.16,113.57
cloudflare,MIA,25.8,-80.28
cloudflare,MLA,35.85,14.49
cloudflare,MLE,4.2,73.52
cloudflare,MLG,-7.93,112.71
cloudflare,MNL,14.51,121.01
cloudflare,MPM,-25.92,32.57
cloudflare,MRS,43.44,5.22
cloudflare,MRU,-20.43,57.68
cloudflare,MSP,44.88,-93.21
cloudflare,MSQ,53.89,28.03
cloudflare,MUC,48.35,11.79
cloudflare,MXP,45.63,8.71
cloudflare,NAG,21.09,79.06
cloudflare,NBO,-1.32,36.93
cloudflare,NJF,31.99,44.4
cloudflare,NOU,-22.02,166.22
cloudflare,NQN,-38.95,-68.15
cloudflare,NQZ,51.03,71.46
cloudflare,NRT,35.77,140.39
cloudflare,NVT,-26.87,-48.63
cloudflare,OKA,26.2,127.65
cloudflare,OKC,35.4,-97.6
cloudflare,OMA,41.3,-95.9
cloudflare,ORD,41.98,-87.9
cloudflare,ORF,36.9,-76.21
cloudflare,ORN,35.62,-0.61
cloudflare,OSL,60.19,11.1
cloudflare,OTP,44.57,26.08
cloudflare,OUA,12.36,-1.51
cloudflare,PAT,25.59,85.09
cloudflare,PBH,27.43,89.42
cloudflare,PBM,5.45,-55.19
cloudflare,PDX,45.59,-122.59
cloudflare,PER,-31.93,115.96
cloudflare,PHL,39.88,-75.24
cloudflare,PHX,33.44,-112
cloudflare,PIT,40.5,-80.26
cloudflare,PKX,39.51,116.41
cloudflare,PMO,38.19,13.1
cloudflare,PMW,-10.24,-48.35
cloudflare,PNH,11.55,104.85
cloudflare,PNQ,18.58,73.92
cloudflare,POA,-29.99,-51.18
cloudflare,POS,10.6,-61.34
cloudflare,PPT,-17.56,-149.61
cloudflare,PRG,50.11,14.27
cloudflare,PTY,9.07,-79.39
cloudflare,QRO,20.6,-100.38
cloudflare,QWJ,-22.74,-47.33
cloudflare,RAO,-21.14,-47.77
cloudflare,RDU,35.87,-78.79
cloudflare,REC,-8.13,-34.92
cloudflare,RIC,37.51,-77.32
cloudflare,RIX,56.92,23.98
cloudflare,RUH,24.96,46.7
cloudflare,RUN,-20.89,55.51
cloudflare,SAN,32.73,-117.2
cloudflare,SAP,15.45,-87.92
cloudflare,SAT,29.52,-98.47
cloudflare,SCL,-33.4,-70.79
cloudflare,SDQ,18.43,-69.68
cloudflare,SEA,47.44,-122.3
cloudflare,SFO,37.62,-122.39
cloudflare,SGN,10.81,106.66
cloudflare,SHA,31.2,121.34
cloudflare,SIN,1.36,103.99
cloudflare,SJC,37.37,-121.93
cloudflare,SJK,-23.18,-46.12
cloudflare,SJO,10,-84.2
cloudflare,SJP,-20.82,-49.42
cloudflare,SJU,18.44,-66
cloudflare,SJW,38.27,114.69
cloudflare,SKG,40.52,22.97
cloudflare,SKP,41.96,21.63
cloudflare,SLC,40.79,-111.98
cloudflare,SMF,38.69,-121.59
cloudflare,SOD,-23.48,-47.45
cloudflare,SOF,42.69,23.41
cloudflare,SSA,-12.91,-38.34
cloudflare,STI,19.4,-70.6
cloudflare,STL,38.74,-90.37
cloudflare,STR,48.69,9.19
cloudflare,SUV,-18.05,178.56
cloudflare,SYD,-33.93,151.18
cloudflare,SZX,22.64,113.81
cloudflare,TAO,36.27,120.38
cloudflare,TBS,41.67,44.96
cloudflare,TEN,27.88,109.31
cloudflare,TGU,14.06,-87.22
cloudflare,TIA,41.42,19.71
cloudflare,TLH,30.4,-84.34
cloudflare,TLL,59.42,24.8
cloudflare,TLV,32,34.87
cloudflare,TNA,36.86,117.21
cloudflare,TNR,-18.8,47.48
cloudflare,TPA,27.98,-82.54
cloudflare,TPE,25.08,121.22
cloudflare,TUN,36.85,10.22
cloudflare,TXL,52.55,13.29
cloudflare,TYN,37.75,112.63
cloudflare,UDI,-18.88,-48.23
cloudflare,UDR,24.62,73.89
cloudflare,UIO,-0.12,-78.36
cloudflare,ULN,47.85,106.76
cloudflare,URT,9.13,99.14
cloudflare,VCP,-23.01,-47.14
cloudflare,VIE,48.12,16.56
cloudflare,VIX,-20.26,-40.29
cloudflare,VNO,54.64,25.28
cloudflare,VTE,17.98,102.57
cloudflare,WAW,52.17,20.97
cloudflare,WDH,-22.49,17.46
cloudflare,WLG,-41.33,174.81
cloudflare,WRO,51.1,16.88
cloudflare,XAP,-27.09,-52.63
cloudflare,XFN,32.15,112.29
cloudflare,XIY,34.44,108.76
cloudflare,XNH,30.94,46.09
cloudflare,YHZ,44.88,-63.51
cloudflare,YUL,45.46,-73.75
cloudflare,YVR,49.19,-123.18
cloudflare,YWG,49.9,-97.23
cloudflare,YXE,52.17,-106.69
cloudflare,YYC,51.13,-114.01
cloudflare,YYZ,43.68,-79.61
cloudflare,ZAG,45.73,16.06
cloudflare,ZDM,32.27,35.02
cloudflare,ZRH,47.45,8.56
cloudfront,AKL,-37,174.78
cloudfront,AMS,52.31,4.76
cloudfront,ARN,59.65,17.93
cloudfront,ATH,37.94,23.95
cloudfront,ATL,33.64,-84.44
cloudfront,BAH,26.27,50.63
cloudfront,BCN,41.3,2.08
cloudfront,BKK,13.69,100.75
cloudfront,BLR,13.2,77.71
cloudfront,BNA,36.13,-86.67
cloudfront,BNE,-27.4,153.11
cloudfront,BOG,4.7,-74.14
cloudfront,BOM,19.1,72.87
cloudfront,BOS,42.37,-71.02
cloudfront,BRU,50.9,4.48
cloudfront,BUD,47.43,19.26
cloudfront,CAI,30.12,31.41
cloudfront,CCU,22.65,88.44
cloudfront,CDG,49,2.57
cloudfront,CGK,-6.13,106.66
cloudfront,CMH,40,-82.88
cloudfront,CPH,55.63,12.65
cloudfront,CPT,-33.97,18.6
cloudfront,DEL,28.56,77.1
cloudfront,DEN,39.85,-104.67
cloudfront,DFW,32.9,-97.04
cloudfront,DOH,25.27,51.56
cloudfront,DUB,53.43,-6.24
cloudfront,DUS,51.28,6.77
cloudfront,DXB,25.25,55.35
cloudfront,EWR,40.69,-74.18
cloudfront,EZE,-34.81,-58.54
cloudfront,FCO,41.79,12.25
cloudfront,FOR,-3.78,-38.54
cloudfront,FRA,50.05,8.57
cloudfront,GIG,-22.81,-43.25
cloudfront,GRU,-23.43,-46.48
cloudfront,HAM,53.63,10.01
cloudfront,HAN,21.21,105.8
cloudfront,HEL,60.32,24.97
cloudfront,HKG,22.32,113.94
cloudfront,HYD,17.24,78.43
cloudfront,IAD,38.95,-77.45
cloudfront,IAH,29.98,-95.34
cloudfront,ICN,37.45,126.45
cloudfront,IST,40.98,28.82
cloudfront,JAX,30.49,-81.68
cloudfront,JED,21.67,39.15
cloudfront,JFK,40.64,-73.79
cloudfront,JNB,-26.13,28.23
cloudfront,KIX,34.44,135.24
cloudfront,KUL,2.76,101.71
cloudfront,LAX,33.94,-118.41
cloudfront,LHR,51.47,-0.45
cloudfront,LIM,-12.02,-77.11
cloudfront,LIS,38.77,-9.13
cloudfront,LOS,6.58,3.32
cloudfront,MAA,12.98,80.16
cloudfront,MAD,40.47,-3.57
cloudfront,MAN,53.36,-2.27
cloudfront,MCI,39.29,-94.72
cloudfront,MCT,23.59,58.29
cloudfront,MEL,-37.67,144.85
cloudfront,MEX,19.44,-99.07
cloudfront,MIA,25.8,-80.28
cloudfront,MNL,14.51,121.01
cloudfront,MRS,43.44,5.22
cloudfront,MSP,44.88,-93.21
cloudfront,MUC,48.35,11.79
cloudfront,MXP,45.63,8.71
cloudfront,NBO,-1.32,36.93
cloudfront,NRT,35.77,140.39
cloudfront,ORD,41.98,-87.9
cloudfront,OSL,60.19,11.1
cloudfront,OTP,44.57,26.08
cloudfront,PDX,45.59,-122.59
cloudfront,PER,-31.93,115.96
cloudfront,PHL,39.88,-75.24
cloudfront,PHX,33.44,-112
cloudfront,PIT,40.5,-80.26
cloudfront,PRG,50.11,14.27
cloudfront,QRO,20.6,-100.38
cloudfront,RUH,24.96,46.7
cloudfront,SCL,-33.4,-70.79
cloudfront,SEA,47.44,-122.3
cloudfront,SFO,37.62,-122.39
cloudfront,SGN,10.81,106.66
cloudfront,SIN,1.36,103.99
cloudfront,SLC,40.79,-111.98
cloudfront,SOF,42.69,23.41
cloudfront,SYD,-33.93,151.18
cloudfront,TLV,32,34.87
cloudfront,TPA,27.98,-82.54
cloudfront,TPE,25.08,121.22
cloudfront,TXL,52.55,13.29
cloudfront,VIE,48.12,16.56
cloudfront,WAW,52.17,20.97
cloudfront,YUL,45.46,-73.75
cloudfront,YVR,49.19,-123.18
cloudfront,YYC,51.13,-114.01
cloudfront,YYZ,43.68,-79.61
cloudfront,ZAG,45.73,16.06
cloudfront,ZRH,47.45,8.56
cloudsigma,ADB,38.29,27.15
cloudsigma,CAI,30.12,31.41
cloudsigma,CRK,15.18,120.55
cloudsigma,CWL,51.4,-3.34
cloudsigma,DUB,53.43,-6.24
cloudsigma,DUS,51.28,6.77
cloudsigma,FRA,50.05,8.57
cloudsigma,GVA,46.23,6.11
cloudsigma,HNL,21.33,-157.92
cloudsigma,IAD,38.95,-77.45
cloudsigma,JHB,1.64,103.67
cloudsigma,LHR,51.47,-0.45
cloudsigma,MNL,14.51,121.01
cloudsigma,MTY,25.78,-100.11
cloudsigma,NRT,35.77,140.39
cloudsigma,PER,-31.93,115.96
cloudsigma,RUH,24.96,46.7
cloudsigma,SJC,37.37,-121.93
cloudsigma,ZRH,47.45,8.56
deno,AMS,52.31,4.76
deno,ORD,41.98,-87.9
digitalocean,AMS,52.31,4.76
digitalocean,ATL,33.64,-84.44
digitalocean,BLR,13.2,77.71
digitalocean,FRA,50.05,8.57
digitalocean,JFK,40.64,-73.79
digitalocean,LHR,51.47,-0.45
digitalocean,MCI,39.29,-94.72
digitalocean,MEM,35.04,-89.98
digitalocean,RIC,37.51,-77.32
digitalocean,SFO,37.62,-122.39
digitalocean,SIN,1.36,103.99
digitalocean,SYD,-33.93,151.18
digitalocean,YYZ,43.68,-79.61
equinix,ABJ,5.25,-3.93
equinix,ACC,5.61,-0.17
equinix,ADL,-34.94,138.54
equinix,AMS,52.31,4.76
equinix,ARN,59.65,17.93
equinix,ATL,33.64,-84.44
equinix,AUH,24.43,54.65
equinix,BCN,41.3,2.08
equinix,BNE,-27.4,153.11
equinix,BOD,44.83,-0.7
equinix,BOG,4.7,-74.14
equinix,BOM,19.1,72.87
equinix,BOS,42.37,-71.02
equinix,CBR,-35.31,149.19
equinix,CDG,49,2.57
equinix,CGK,-6.13,106.66
equinix,CJR,38.53,-77.86
equinix,DEN,39.85,-104.67
equinix,DFW,32.9,-97.04
equinix,DUB,53.43,-6.24
equinix,DUS,51.28,6.77
equinix,DXB,25.25,55.35
equinix,ENS,52.27,6.88
equinix,EWR,40.69,-74.18
equinix,FRA,50.05,8.57
equinix,GIG,-22.81,-43.25
equinix,GOA,44.42,8.85
equinix,GRU,-23.43,-46.48
equinix,GVA,46.23,6.11
equinix,HAM,53.63,10.01
equinix,HEL,60.32,24.97
equinix,HKG,22.32,113.94
equinix,IAD,38.95,-77.45
equinix,IAH,29.98,-95.34
equinix,ICN,37.45,126.45
equinix,IST,40.98,28.82
equinix,JHB,1.64,103.67
equinix,JNB,-26.13,28.23
equinix,KIX,34.44,135.24
equinix,KUL,2.76,101.71
equinix,LAX,33.94,-118.41
equinix,LHR,51.47,-0.45
equinix,LIM,-12.02,-77.11
equinix,LIS,38.77,-9.13
equinix,LOS,6.58,3.32
equinix,MAA,12.98,80.16
equinix,MAD,40.47,-3.57
equinix,MAN,53.36,-2.27
equinix,MCT,23.59,58.29
equinix,MEL,-37.67,144.85
equinix,MEX,19.44,-99.07
equinix,MIA,25.8,-80.28
equinix,MNL,14.51,121.01
equinix,MTY,25.78,-100.11
equinix,MUC,48.35,11.79
equinix,MXP,45.63,8.71
equinix,NRT,35.77,140.39
equinix,ORD,41.98,-87.9
equinix,PER,-31.93,115.96
equinix,PHL,39.88,-75.24
equinix,SCL,-33.4,-70.79
equinix,SEA,47.44,-122.3
equinix,SHA,31.2,121.34
equinix,SIN,1.36,103.99
equinix,SJC,37.37,-121.93
equinix,SLL,17.04,54.11
equinix,SOF,42.69,23.41
equinix,SYD,-33.93,151.18
equinix,WAW,52.17,20.97
equinix,YKA,50.71,-120.44
equinix,YOW,45.32,-75.67
equinix,YSJ,45.33,-65.89
equinix,YUL,45.46,-73.75
equinix,YVR,49.19,-123.18
equinix,YWG,49.9,-97.23
equinix,YYC,51.13,-114.01
equinix,YYZ,43.68,-79.61
equinix,ZRH,47.45,8.56
ec2,AKL,-37,174.78
ec2,ARN,59.65,17.93
ec2,AUH,24.43,54.65
ec2,BAH,26.27,50.63
ec2,BKK,13.69,100.75
ec2,BOM,19.1,72.87
ec2,CDG,49,2.57
ec2,CGK,-6.13,106.66
ec2,CMH,40,-82.88
ec2,CPT,-33.97,18.6
ec2,DUB,53.43,-6.24
ec2,FRA,50.05,8.57
ec2,GRU,-23.43,-46.48
ec2,HKG,22.32,113.94
ec2,HYD,17.24,78.43
ec2,IAD,38.95,-77.45
ec2,ICN,37.45,126.45
ec2,KIX,34.44,135.24
ec2,KUL,2.76,101.71
ec2,LHR,51.47,-0.45
ec2,MAD,40.47,-3.57
ec2,MEL,-37.67,144.85
ec2,MXP,45.63,8.71
ec2,NRT,35.77,140.39
ec2,PDX,45.59,-122.59
ec2,QRO,20.6,-100.38
ec2,SIN,1.36,103.99
ec2,SJC,37.37,-121.93
ec2,SYD,-33.93,151.18
ec2,TLV,32,34.87
ec2,TPE,25.08,121.22
ec2,YUL,45.46,-73.75
ec2,YYC,51.13,-114.01
ec2,ZRH,47.45,8.56
fastly,ACC,5.61,-0.17
fastly,ADL,-34.94,138.54
fastly,ADS,32.97,-97.84
fastly,AGR,27.16,77.96
fastly,AKL,-37,174.78
fastly,AMD,23.07,72.62
fastly,AMS,52.31,4.76
fastly,BBI,20.25,85.82
fastly,BER,52.37,13.5
fastly,BFI,47.54,-122.3
fastly,BGY,45.67,9.7
fastly,BHO,23.28,77.34
fastly,BKK,13.69,100.75
fastly,BLR,13.2,77.71
fastly,BMA,59.36,17.95
fastly,BNE,-27.4,153.11
fastly,BOG,4.7,-74.14
fastly,BOM,19.1,72.87
fastly,BOS,42.37,-71.02
fastly,BQH,51.33,0.03
fastly,BRU,50.9,4.48
fastly,BSB,-15.87,-47.92
fastly,BUR,34.2,-118.35
fastly,CCU,22.65,88.44
fastly,CDG,49,2.57
fastly,CHC,-43.49,172.54
fastly,CHI,41.88,-87.77
fastly,CMH,40,-82.88
fastly,COK,10.16,76.39
fastly,CPH,55.63,12.65
fastly,CPT,-33.97,18.6
fastly,CWB,-25.53,-49.18
fastly,DBD,23.78,86.45
fastly,DCA,38.85,-77.04
fastly,DEL,28.56,77.1
fastly,DEN,39.85,-104.67
fastly,DFW,32.9,-97.04
fastly,DTW,42.21,-83.36
fastly,DUB,53.43,-6.24
fastly,DUS,51.28,6.77
fastly,DXB,25.25,55.35
fastly,EWR,40.69,-74.18
fastly,EZE,-34.81,-58.54
fastly,FCO,41.79,12.25
fastly,FJR,25.11,56.33
fastly,FOR,-3.78,-38.54
fastly,FRA,50.05,8.57
fastly,GAU,26.11,91.59
fastly,GIG,-22.81,-43.25
fastly,GRU,-23.43,-46.48
fastly,HEL,60.32,24.97
fastly,HKG,22.32,113.94
fastly,HNL,21.33,-157.92
fastly,HYD,17.24,78.43
fastly,IAD,38.95,-77.45
fastly,IAH,29.98,-95.34
fastly,ICN,37.45,126.45
fastly,ITM,34.79,135.44
fastly,IXB,26.68,88.32
fastly,IXC,30.67,76.8
fastly,IXD,25.44,81.74
fastly,IXM,9.84,78.09
fastly,IXR,23.32,85.32
fastly,IXZ,11.65,92.73
fastly,JAI,26.82,75.8
fastly,JAX,30.49,-81.68
fastly,JGA,22.46,70.01
fastly,JNB,-26.13,28.23
fastly,JRG,21.91,84.05
fastly,KNU,26.4,80.41
fastly,KTU,25,76.5
fastly,KUL,2.76,101.71
fastly,LAX,33.94,-118.41
fastly,LCY,51.5,0.05
fastly,LGA,40.77,-73.87
fastly,LGW,51.16,-0.16
fastly,LHR,51.47,-0.45
fastly,LIM,-12.02,-77.11
fastly,LIN,45.46,9.28
fastly,LIS,38.77,-9.13
fastly,LKO,26.76,80.88
fastly,LTN,51.88,-0.38
fastly,LUH,30.9,75.85
fastly,MAA,12.98,80.16
fastly,MAD,40.47,-3.57
fastly,MAN,53.36,-2.27
fastly,MCI,39.29,-94.72
fastly,MEL,-37.67,144.85
fastly,MIA,25.8,-80.28
fastly,MNL,14.51,121.01
fastly,MRS,43.44,5.22
fastly,MSP,44.88,-93.21
fastly,MUC,48.35,11.79
fastly,MXP,45.63,8.71
fastly,NAG,21.09,79.06
fastly,NRT,35.77,140.39
fastly,ORD,41.98,-87.9
fastly,OSL,60.19,11.1
fastly,PAE,47.91,-122.28
fastly,PAO,37.46,-122.11
fastly,PAT,25.59,85.09
fastly,PDK,33.88,-84.3
fastly,PDX,45.59,-122.59
fastly,PER,-31.93,115.96
fastly,PHX,33.44,-112
fastly,PMO,38.19,13.1
fastly,PNQ,18.58,73.92
fastly,PUT,14.15,77.79
fastly,QPG,1.35,103.9
fastly,QRO,20.6,-100.38
fastly,RFD,42.3,-89.22
fastly,RPR,21.18,81.74
fastly,RTM,51.95,4.43
fastly,RUH,24.96,46.7
fastly,SCL,-33.4,-70.79
fastly,SHL,25.57,91.88
fastly,SIN,1.36,103.99
fastly,SJC,37.37,-121.93
fastly,SLV,31.12,77.15
fastly,SOF,42.69,23.41
fastly,SSE,17.63,75.93
fastly,STL,38.74,-90.37
fastly,STV,21.12,72.75
fastly,SXR,34,74.76
fastly,SXV,11.65,78.17
fastly,SYD,-33.93,151.18
fastly,TOJ,40.46,-3.55
fastly,VGA,16.53,80.8
fastly,VIE,48.12,16.56
fastly,VNS,25.45,82.85
fastly,VTZ,17.73,83.23
fastly,WGC,17.92,79.6
fastly,WIE,50.08,8.23
fastly,WLG,-41.33,174.81
fastly,YUL,45.46,-73.75
fastly,YVR,49.19,-123.18
fastly,YYC,51.13,-114.01
fastly,YYZ,43.68,-79.61
flexential,ABE,40.65,-75.43
flexential,ATL,33.64,-84.44
flexential,BNA,36.13,-86.67
flexential,CLT,35.22,-80.94
flexential,CVG,39.06,-84.66
flexential,DEN,39.85,-104.67
flexential,DFW,32.9,-97.04
flexential,FLL,26.07,-80.14
flexential,JAX,30.49,-81.68
flexential,LAS,36.09,-115.15
flexential,MSP,44.88,-93.21
flexential,PDX,45.59,-122.59
flexential,PHL,39.88,-75.24
flexential,PHX,33.44,-112
flexential,RDU,35.87,-78.79
flexential,RIC,37.51,-77.32
flexential,SDF,38.19,-85.74
flexential,SLC,40.79,-111.98
flexential,TPA,27.98,-82.54
gcore,ABJ,5.25,-3.93
gcore,ABV,9,7.27
gcore,ACC,5.61,-0.17
gcore,ADD,8.98,38.8
gcore,ALA,43.35,77.01
gcore,AMM,31.72,35.99
gcore,AMS,52.31,4.76
gcore,ARN,59.65,17.93
gcore,ASU,-25.24,-57.51
gcore,ATL,33.64,-84.44
gcore,BAH,26.27,50.63
gcore,BAX,53.36,83.55
gcore,BCN,41.3,2.08
gcore,BGF,4.4,18.52
gcore,BGW,33.28,44.5
gcore,BKO,12.54,-7.95
gcore,BOG,4.7,-74.14
gcore,BOM,19.1,72.87
gcore,BRU,50.9,4.48
gcore,BTS,48.17,17.2
gcore,CCS,10.6,-67.01
gcore,CDG,49,2.57
gcore,CIT,42.3,69.6
gcore,CMB,7.17,79.89
gcore,CMN,33.37,-7.59
gcore,CPT,-33.97,18.6
gcore,DAC,23.85,90.41
gcore,DEN,39.85,-104.67
gcore,DFW,32.9,-97.04
gcore,DKR,14.74,-17.49
gcore,DLA,4.01,9.72
gcore,DME,55.41,37.9
gcore,DOH,25.27,51.56
gcore,DVO,7.13,125.64
gcore,DXB,25.25,55.35
gcore,DYU,38.55,68.82
gcore,EBB,0.05,32.44
gcore,EBL,36.24,43.96
gcore,EVN,40.15,44.4
gcore,EZE,-34.81,-58.54
gcore,FBM,-11.59,27.53
gcore,FDF,14.6,-61
gcore,FIH,-4.39,15.45
gcore,FNA,8.62,-13.2
gcore,FOR,-3.78,-38.54
gcore,FRA,50.05,8.57
gcore,FRU,43.05,74.47
gcore,GOJ,56.22,43.79
gcore,GRU,-23.43,-46.48
gcore,GUA,14.59,-90.53
gcore,GYD,40.46,50.05
gcore,GYE,-2.14,-79.88
gcore,HKG,22.32,113.94
gcore,HRE,-17.92,31.1
gcore,HRK,49.92,36.28
gcore,IAD,38.95,-77.45
gcore,ICN,37.45,126.45
gcore,IST,40.98,28.82
gcore,JFK,40.64,-73.79
gcore,JNB,-26.13,28.23
gcore,KBP,50.34,30.9
gcore,KGF,49.68,73.33
gcore,KHI,24.9,67.17
gcore,KHV,48.52,135.17
gcore,KJA,56.18,92.48
gcore,KRK,50.08,19.79
gcore,KTM,27.7,85.36
gcore,KUF,53.51,50.15
gcore,KUL,2.76,101.71
gcore,KWI,29.24,47.97
gcore,KZN,55.61,49.3
gcore,LAD,-8.85,13.23
gcore,LAX,33.94,-118.41
gcore,LCA,34.88,33.63
gcore,LED,59.81,30.31
gcore,LFW,6.17,1.25
gcore,LHR,51.47,-0.45
gcore,LIL,50.57,3.11
gcore,LIM,-12.02,-77.11
gcore,LOS,6.58,3.32
gcore,LUN,-15.33,28.45
gcore,LWO,49.82,23.96
gcore,LYS,45.72,5.08
gcore,MAD,40.47,-3.57
gcore,MAR,10.56,-71.72
gcore,MBA,-4.03,39.6
gcore,MCT,23.59,58.29
gcore,MGA,12.14,-86.17
gcore,MIA,25.8,-80.28
gcore,MNL,14.51,121.01
gcore,MPM,-25.92,32.57
gcore,MRS,43.44,5.22
gcore,MRU,-20.43,57.68
gcore,MSQ,53.89,28.03
gcore,MXP,45.63,8.71
gcore,NQZ,51.03,71.46
gcore,NRT,35.77,140.39
gcore,NSI,3.7,11.55
gcore,OMA,41.3,-95.9
gcore,ORD,41.98,-87.9
gcore,OTP,44.57,26.08
gcore,OUA,12.36,-1.51
gcore,OVB,55.01,82.67
gcore,PBH,27.43,89.42
gcore,PES,61.68,34.33
gcore,PIS,46.59,0.31
gcore,PKV,57.82,28.3
gcore,PNH,11.55,104.85
gcore,PRG,50.11,14.27
gcore,PTP,16.27,-61.53
gcore,PVI,-23.07,-52.47
gcore,PWQ,52.18,77.07
gcore,RBA,34.04,-6.75
gcore,RGN,16.9,96.13
gcore,ROV,47.25,39.75
gcore,RUN,-20.89,55.51
gcore,SAH,15.47,44.23
gcore,SAL,13.45,-89.06
gcore,SCL,-33.4,-70.79
gcore,SEA,47.44,-122.3
gcore,SIN,1.36,103.99
gcore,SJC,37.37,-121.93
gcore,SVX,56.75,60.8
gcore,SXB,48.54,7.63
gcore,SYD,-33.93,151.18
gcore,TAS,41.26,69.27
gcore,TBS,41.67,44.96
gcore,TFS,28.04,-16.57
gcore,TGU,14.06,-87.22
gcore,TIP,32.67,13.14
gcore,TLV,32,34.87
gcore,TUN,36.85,10.22
gcore,UFA,54.57,55.88
gcore,UIO,-0.12,-78.36
gcore,ULN,47.85,106.76
gcore,VNO,54.64,25.28
gcore,VOZ,51.81,39.23
gcore,VVI,-17.65,-63.14
gcore,VVO,43.38,132.14
gcore,WAW,52.17,20.97
gcore,WDH,-22.49,17.46
gcore,WLG,-41.33,174.81
googlecdn,AMS,52.31,4.76
googlecdn,ARN,59.65,17.93
googlecdn,ATL,33.64,-84.44
googlecdn,BER,52.37,13.5
googlecdn,BKK,13.69,100.75
googlecdn,BOG,4.7,-74.14
googlecdn,BOM,19.1,72.87
googlecdn,BRU,50.9,4.48
googlecdn,BUD,47.43,19.26
googlecdn,CBF,41.26,-95.76
googlecdn,CDG,49,2.57
googlecdn,CGK,-6.13,106.66
googlecdn,CHA,35.04,-85.2
googlecdn,CHS,32.88,-80.04
googlecdn,CMH,40,-82.88
googlecdn,DEL,28.56,77.1
googlecdn,DEN,39.85,-104.67
googlecdn,DFW,32.9,-97.04
googlecdn,DHR,52.95,4.75
googlecdn,DLS,45.62,-121.16
googlecdn,DOH,25.27,51.56
googlecdn,DUB,53.43,-6.24
googlecdn,EZE,-34.81,-58.54
googlecdn,FJR,25.11,56.33
googlecdn,FLL,26.07,-80.14
googlecdn,FRA,50.05,8.57
googlecdn,GIG,-22.81,-43.25
googlecdn,GRQ,53.12,6.58
googlecdn,GRU,-23.43,-46.48
googlecdn,HAM,53.63,10.01
googlecdn,HEL,60.32,24.97
googlecdn,HKG,22.32,113.94
googlecdn,IAD,38.95,-77.45
googlecdn,ICN,37.45,126.45
googlecdn,JFK,40.64,-73.79
googlecdn,JNB,-26.13,28.23
googlecdn,KIX,34.44,135.24
googlecdn,KUL,2.76,101.71
googlecdn,LAS,36.09,-115.15
googlecdn,LAX,33.94,-118.41
googlecdn,LGW,51.16,-0.16
googlecdn,LHR,51.47,-0.45
googlecdn,LOS,6.58,3.32
googlecdn,LPP,61.05,28.16
googlecdn,MAA,12.98,80.16
googlecdn,MAD,40.47,-3.57
googlecdn,MBA,-4.03,39.6
googlecdn,MCT,23.59,58.29
googlecdn,MEL,-37.67,144.85
googlecdn,MIA,25.8,-80.28
googlecdn,MNL,14.51,121.01
googlecdn,MRN,35.82,-81.61
googlecdn,MRS,43.44,5.22
googlecdn,MUC,48.35,11.79
googlecdn,MXP,45.63,8.71
googlecdn,NRT,35.77,140.39
googlecdn,ORD,41.98,-87.9
googlecdn,PHX,33.44,-112
googlecdn,PRG,50.11,14.27
googlecdn,QRO,20.6,-100.38
googlecdn,RMQ,24.26,120.61
googlecdn,RNO,39.51,-119.78
googlecdn,SCL,-33.4,-70.79
googlecdn,SEA,47.44,-122.3
googlecdn,SFO,37.62,-122.39
googlecdn,SIN,1.36,103.99
googlecdn,SLC,40.79,-111.98
googlecdn,SOF,42.69,23.41
googlecdn,SYD,-33.93,151.18
googlecdn,TLV,32,34.87
googlecdn,TPE,25.08,121.22
googlecdn,TRN,45.19,7.64
googlecdn,TUL,36.19,-95.89
googlecdn,VNY,34.21,-118.49
googlecdn,WAW,52.17,20.97
googlecdn,YUL,45.46,-73.75
googlecdn,YYZ,43.68,-79.61
googlecdn,ZRH,47.45,8.56
googlecompute,AMS,52.31,4.76
googlecompute,ARN,59.65,17.93
googlecompute,BER,52.37,13.5
googlecompute,BKK,13.69,100.75
googlecompute,BOM,19.1,72.87
googlecompute,BRU,50.9,4.48
googlecompute,CBF,41.26,-95.76
googlecompute,CDG,49,2.57
googlecompute,CGK,-6.13,106.66
googlecompute,CHS,32.88,-80.04
googlecompute,CMH,40,-82.88
googlecompute,DEL,28.56,77.1
googlecompute,DFW,32.9,-97.04
googlecompute,DMM,26.47,49.8
googlecompute,DOH,25.27,51.56
googlecompute,FRA,50.05,8.57
googlecompute,GRU,-23.43,-46.48
googlecompute,HEL,60.32,24.97
googlecompute,HKG,22.32,113.94
googlecompute,IAD,38.95,-77.45
googlecompute,ICN,37.45,126.45
googlecompute,JNB,-26.13,28.23
googlecompute,KIX,34.44,135.24
googlecompute,LAS,36.09,-115.15
googlecompute,LAX,33.94,-118.41
googlecompute,LHR,51.47,-0.45
googlecompute,MAD,40.47,-3.57
googlecompute,MEL,-37.67,144.85
googlecompute,MXP,45.63,8.71
googlecompute,NRT,35.77,140.39
googlecompute,PDX,45.59,-122.59
googlecompute,QRO,20.6,-100.38
googlecompute,SCL,-33.4,-70.79
googlecompute,SIN,1.36,103.99
googlecompute,SLC,40.79,-111.98
googlecompute,SYD,-33.93,151.18
googlecompute,TLV,32,34.87
googlecompute,TPE,25.08,121.22
googlecompute,TRN,45.19,7.64
googlecompute,WAW,52.17,20.97
googlecompute,YUL,45.46,-73.75
googlecompute,YYZ,43.68,-79.61
googlecompute,ZRH,47.45,8.56
heroku,BOM,19.1,72.87
heroku,DUB,53.43,-6.24
heroku,FRA,50.05,8.57
heroku,IAD,38.95,-77.45
heroku,LHR,51.47,-0.45
heroku,NRT,35.77,140.39
heroku,PDX,45.59,-122.59
heroku,SIN,1.36,103.99
heroku,SYD,-33.93,151.18
heroku,YUL,45.46,-73.75
hetzner,HEL,60.32,24.97
hetzner,HIO,45.54,-122.95
hetzner,HOQ,50.29,11.86
hetzner,IAD,38.95,-77.45
hetzner,NUE,49.49,11.08
hetzner,SIN,1.36,103.99
hivelocity,ALB,42.75,-73.81
hivelocity,AMS,52.31,4.76
hivelocity,ARN,59.65,17.93
hivelocity,ATL,33.64,-84.44
hivelocity,BOM,19.1,72.87
hivelocity,CDG,49,2.57
hivelocity,COS,38.8,-104.7
hivelocity,DEL,28.56,77.1
hivelocity,DEN,39.85,-104.67
hivelocity,DFW,32.9,-97.04
hivelocity,FRA,50.05,8.57
hivelocity,GRU,-23.43,-46.48
hivelocity,HKG,22.32,113.94
hivelocity,IAD,38.95,-77.45
hivelocity,ICN,37.45,126.45
hivelocity,JFK,40.64,-73.79
hivelocity,JNB,-26.13,28.23
hivelocity,LAX,33.94,-118.41
hivelocity,LHR,51.47,-0.45
hivelocity,LIN,45.46,9.28
hivelocity,LOS,6.58,3.32
hivelocity,MAD,40.47,-3.57
hivelocity,MIA,25.8,-80.28
hivelocity,NRT,35.77,140.39
hivelocity,ORD,41.98,-87.9
hivelocity,PHL,39.88,-75.24
hivelocity,PNQ,18.58,73.92
hivelocity,POZ,52.41,16.83
hivelocity,RIX,56.92,23.98
hivelocity,SEA,47.44,-122.3
hivelocity,SIN,1.36,103.99
hivelocity,SJC,37.37,-121.93
hivelocity,SYD,-33.93,151.18
hivelocity,TPA,27.98,-82.54
hivelocity,VNO,54.64,25.28
hivelocity,YVR,49.19,-123.18
hivelocity,YYZ,43.68,-79.61
hostwinds,AMS,52.31,4.76
hostwinds,DFW,32.9,-97.04
hostwinds,SEA,47.44,-122.3
imperva,AKL,-37,174.78
imperva,AMS,52.31,4.76
imperva,ARN,59.65,17.93
imperva,ATL,33.64,-84.44
imperva,BCN,41.3,2.08
imperva,BKK,13.69,100.75
imperva,BOG,4.7,-74.14
imperva,BOM,19.1,72.87
imperva,CDG,49,2.57
imperva,CGK,-6.13,106.66
imperva,CPH,55.63,12.65
imperva,CPT,-33.97,18.6
imperva,DEL,28.56,77.1
imperva,DEN,39.85,-104.67
imperva,DFW,32.9,-97.04
imperva,DTW,42.21,-83.36
imperva,DUB,53.43,-6.24
imperva,DUS,51.28,6.77
imperva,DXB,25.25,55.35
imperva,EWR,40.69,-74.18
imperva,EZE,-34.81,-58.54
imperva,FRA,50.05,8.57
imperva,GIG,-22.81,-43.25
imperva,GRU,-23.43,-46.48
imperva,HAN,21.21,105.8
imperva,HKG,22.32,113.94
imperva,IAD,38.95,-77.45
imperva,IAH,29.98,-95.34
imperva,ICN,37.45,126.45
imperva,IST,40.98,28.82
imperva,JFK,40.64,-73.79
imperva,JNB,-26.13,28.23
imperva,KIX,34.44,135.24
imperva,KUL,2.76,101.71
imperva,LAX,33.94,-118.41
imperva,LHR,51.47,-0.45
imperva,LIM,-12.02,-77.11
imperva,MAD,40.47,-3.57
imperva,MEL,-37.67,144.85
imperva,MIA,25.8,-80.28
imperva,MNL,14.51,121.01
imperva,MXP,45.63,8.71
imperva,NRT,35.77,140.39
imperva,ORD,41.98,-87.9
imperva,QRO,20.6,-100.38
imperva,SCL,-33.4,-70.79
imperva,SEA,47.44,-122.3
imperva,SIN,1.36,103.99
imperva,SJC,37.37,-121.93
imperva,SYD,-33.93,151.18
imperva,TLV,32,34.87
imperva,TPE,25.08,121.22
imperva,VIE,48.12,16.56
imperva,WAW,52.17,20.97
imperva,YUL,45.46,-73.75
imperva,YVR,49.19,-123.18
imperva,YYZ,43.68,-79.61
imperva,ZRH,47.45,8.56
ionos,BHX,52.45,-1.73
ionos,CDG,49,2.57
ionos,EWR,40.69,-74.18
ionos,FKB,48.78,8.09
ionos,FRA,50.05,8.57
ionos,LAS,36.09,-115.15
ionos,LHR,51.47,-0.45
ionos,MCI,39.29,-94.72
ionos,RJL,42.46,-2.32
ionos,TXL,52.55,13.29
kamatera,AMS,52.31,4.76
kamatera,ARN,59.65,17.93
kamatera,ATL,33.64,-84.44
kamatera,DFW,32.9,-97.04
kamatera,FRA,50.05,8.57
kamatera,HFA,32.81,35.04
kamatera,HKG,22.32,113.94
kamatera,JFK,40.64,-73.79
kamatera,LAX,33.94,-118.41
kamatera,LHR,51.47,-0.45
kamatera,MAD,40.47,-3.57
kamatera,MIA,25.8,-80.28
kamatera,MXP,45.63,8.71
kamatera,NRT,35.77,140.39
kamatera,ORD,41.98,-87.9
kamatera,OTP,44.57,26.08
kamatera,SDV,32.1,34.79
kamatera,SEA,47.44,-122.3
kamatera,SIN,1.36,103.99
kamatera,SJC,37.37,-121.93
kamatera,SYD,-33.93,151.18
kamatera,TLV,32,34.87
kamatera,YYZ,43.68,-79.61
keycdn,AKL,-37,174.78
keycdn,ALA,43.35,77.01
keycdn,AMS,52.31,4.76
keycdn,ARN,59.65,17.93
keycdn,ATH,37.94,23.95
keycdn,ATL,33.64,-84.44
keycdn,BLR,13.2,77.71
keycdn,BNE,-27.4,153.11
keycdn,BOG,4.7,-74.14
keycdn,CDG,49,2.57
keycdn,CPH,55.63,12.65
keycdn,DEN,39.85,-104.67
keycdn,DFW,32.9,-97.04
keycdn,DME,55.41,37.9
keycdn,DUB,53.43,-6.24
keycdn,DXB,25.25,55.35
keycdn,EZE,-34.81,-58.54
keycdn,FRA,50.05,8.57
keycdn,GRU,-23.43,-46.48
keycdn,HEL,60.32,24.97
keycdn,HKG,22.32,113.94
keycdn,ICN,37.45,126.45
keycdn,IST,40.98,28.82
keycdn,JFK,40.64,-73.79
keycdn,JNB,-26.13,28.23
keycdn,KBP,50.34,30.9
keycdn,LAX,33.94,-118.41
keycdn,LHR,51.47,-0.45
keycdn,LIM,-12.02,-77.11
keycdn,LIS,38.77,-9.13
keycdn,MAD,40.47,-3.57
keycdn,MEL,-37.67,144.85
keycdn,MEX,19.44,-99.07
keycdn,MIA,25.8,-80.28
keycdn,MXP,45.63,8.71
keycdn,NRT,35.77,140.39
keycdn,ORD,41.98,-87.9
keycdn,OSL,60.19,11.1
keycdn,OTP,44.57,26.08
keycdn,PER,-31.93,115.96
keycdn,SCL,-33.4,-70.79
keycdn,SEA,47.44,-122.3
keycdn,SFO,37.62,-122.39
keycdn,SIN,1.36,103.99
keycdn,SYD,-33.93,151.18
keycdn,TLV,32,34.87
keycdn,VIE,48.12,16.56
keycdn,WAW,52.17,20.97
keycdn,YUL,45.46,-73.75
keycdn,ZRH,47.45,8.56
leapswitch,AVL,35.44,-82.54
leapswitch,BCN,41.3,2.08
leapswitch,BOM,19.1,72.87
leapswitch,DEL,28.56,77.1
leapswitch,DFW,32.9,-97.04
leapswitch,FRA,50.05,8.57
leapswitch,IEV,50.4,30.45
leapswitch,LAX,33.94,-118.41
leapswitch,LIS,38.77,-9.13
leapswitch,MCO,28.43,-81.31
leapswitch,PNQ,18.58,73.92
leapswitch,SBN,41.7,-86.31
lightsail,ARN,59.65,17.93
lightsail,BOM,19.1,72.87
lightsail,CDG,49,2.57
lightsail,CGK,-6.13,106.66
lightsail,CMH,40,-82.88
lightsail,DUB,53.43,-6.24
lightsail,FRA,50.05,8.57
lightsail,GRU,-23.43,-46.48
lightsail,HKG,22.32,113.94
lightsail,IAD,38.95,-77.45
lightsail,ICN,37.45,126.45
lightsail,KUL,2.76,101.71
lightsail,LHR,51.47,-0.45
lightsail,MAD,40.47,-3.57
lightsail,NRT,35.77,140.39
lightsail,PDX,45.59,-122.59
lightsail,SIN,1.36,103.99
lightsail,SYD,-33.93,151.18
lightsail,YUL,45.46,-73.75
linode,AKL,-37,174.78
linode,AMS,52.31,4.76
linode,ARN,59.65,17.93
linode,ATL,33.64,-84.44
linode,BOG,4.7,-74.14
linode,BOM,19.1,72.87
linode,CDG,49,2.57
linode,CGK,-6.13,106.66
linode,DEN,39.85,-104.67
linode,DFW,32.9,-97.04
linode,EWR,40.69,-74.18
linode,FRA,50.05,8.57
linode,GRU,-23.43,-46.48
linode,HAM,53.63,10.01
linode,IAD,38.95,-77.45
linode,IAH,29.98,-95.34
linode,ITM,34.79,135.44
linode,JNB,-26.13,28.23
linode,KUL,2.76,101.71
linode,LAX,33.94,-118.41
linode,LHR,51.47,-0.45
linode,MAA,12.98,80.16
linode,MAD,40.47,-3.57
linode,MEL,-37.67,144.85
linode,MIA,25.8,-80.28
linode,MRS,43.44,5.22
linode,MXP,45.63,8.71
linode,NRT,35.77,140.39
linode,ORD,41.98,-87.9
linode,QRO,20.6,-100.38
linode,SCL,-33.4,-70.79
linode,SEA,47.44,-122.3
linode,SIN,1.36,103.99
linode,SJC,37.37,-121.93
linode,SYD,-33.93,151.18
linode,YYZ,43.68,-79.61
mnx,IAD,38.95,-77.45
mnx,ORD,41.98,-87.9
netlify,BAH,26.27,50.63
netlify,BOM,19.1,72.87
netlify,CMH,40,-82.88
netlify,CPT,-33.97,18.6
netlify,FRA,50.05,8.57
netlify,GRU,-23.43,-46.48
netlify,IAD,38.95,-77.45
netlify,ICN,37.45,126.45
netlify,LHR,51.47,-0.45
netlify,NRT,35.77,140.39
netlify,SFO,37.62,-122.39
netlify,SIN,1.36,103.99
netlify,SYD,-33.93,151.18
netlify,YUL,45.46,-73.75
ovh,AKL,-37,174.78
ovh,AMS,52.31,4.76
ovh,ARN,59.65,17.93
ovh,ATL,33.64,-84.44
ovh,BOM,19.1,72.87
ovh,BOS,42.37,-71.02
ovh,BRU,50.9,4.48
ovh,CDG,49,2.57
ovh,CPH,55.63,12.65
ovh,CQF,50.95,1.93
ovh,DEN,39.85,-104.67
ovh,DFW,32.9,-97.04
ovh,DUB,53.43,-6.24
ovh,FRA,50.05,8.57
ovh,HEL,60.32,24.97
ovh,HIO,45.54,-122.95
ovh,IAD,38.95,-77.45
ovh,JFK,40.64,-73.79
ovh,LAX,33.94,-118.41
ovh,LHR,51.47,-0.45
ovh,LIL,50.57,3.11
ovh,LIS,38.77,-9.13
ovh,LUX,49.63,6.21
ovh,MAD,40.47,-3.57
ovh,MAN,53.36,-2.27
ovh,MIA,25.8,-80.28
ovh,MRS,43.44,5.22
ovh,MXP,45.63,8.71
ovh,ORD,41.98,-87.9
ovh,OSL,60.19,11.1
ovh,OTP,44.57,26.08
ovh,PAO,37.46,-122.11
ovh,PHX,33.44,-112
ovh,PRG,50.11,14.27
ovh,RBA,34.04,-6.75
ovh,SCL,-33.4,-70.79
ovh,SEA,47.44,-122.3
ovh,SIN,1.36,103.99
ovh,SLC,40.79,-111.98
ovh,SOF,42.69,23.41
ovh,STL,38.74,-90.37
ovh,SXB,48.54,7.63
ovh,SYD,-33.93,151.18
ovh,VIE,48.12,16.56
ovh,WAW,52.17,20.97
ovh,YUL,45.46,-73.75
ovh,YYZ,43.68,-79.61
ovh,ZRH,47.45,8.56
scaleway,AMS,52.31,4.76
scaleway,CDG,49,2.57
scaleway,MXP,45.63,8.71
scaleway,WAW,52.17,20.97
sucuri,AMS,52.31,4.76
sucuri,BOM,19.1,72.87
sucuri,CDG,49,2.57
sucuri,DFW,32.9,-97.04
sucuri,FRA,50.05,8.57
sucuri,GRU,-23.43,-46.48
sucuri,IAD,38.95,-77.45
sucuri,LHR,51.47,-0.45
sucuri,MIA,25.8,-80.28
sucuri,NRT,35.77,140.39
sucuri,ORD,41.98,-87.9
sucuri,SIN,1.36,103.99
sucuri,SJC,37.37,-121.93
sucuri,SOF,42.69,23.41
sucuri,SYD,-33.93,151.18
upcloud,AMS,52.31,4.76
upcloud,ARN,59.65,17.93
upcloud,CPH,55.63,12.65
upcloud,FRA,50.05,8.57
upcloud,HEL,60.32,24.97
upcloud,JFK,40.64,-73.79
upcloud,LHR,51.47,-0.45
upcloud,MAD,40.47,-3.57
upcloud,ORD,41.98,-87.9
upcloud,SIN,1.36,103.99
upcloud,SJC,37.37,-121.93
upcloud,SVG,58.88,5.63
upcloud,SYD,-33.93,151.18
upcloud,WAW,52.17,20.97
vercel,ARN,59.65,17.93
vercel,BOM,19.1,72.87
vercel,CDG,49,2.57
vercel,CLE,41.41,-81.84
vercel,CPT,-33.97,18.6
vercel,DUB,53.43,-6.24
vercel,DXB,25.25,55.35
vercel,FRA,50.05,8.57
vercel,GRU,-23.43,-46.48
vercel,HKG,22.32,113.94
vercel,HND,35.55,139.78
vercel,IAD,38.95,-77.45
vercel,ICN,37.45,126.45
vercel,KIX,34.44,135.24
vercel,LHR,51.47,-0.45
vercel,PDX,45.59,-122.59
vercel,SFO,37.62,-122.39
vercel,SIN,1.36,103.99
vercel,SYD,-33.93,151.18
vercel,YUL,45.46,-73.75
vultr,AMS,52.31,4.76
vultr,ARN,59.65,17.93
vultr,ATL,33.64,-84.44
vultr,BLR,13.2,77.71
vultr,BOM,19.1,72.87
vultr,CDG,49,2.57
vultr,DEL,28.56,77.1
vultr,DFW,32.9,-97.04
vultr,EWR,40.69,-74.18
vultr,FRA,50.05,8.57
vultr,GRU,-23.43,-46.48
vultr,HNL,21.33,-157.92
vultr,ICN,37.45,126.45
vultr,JNB,-26.13,28.23
vultr,KIX,34.44,135.24
vultr,LAX,33.94,-118.41
vultr,LHR,51.47,-0.45
vultr,MAD,40.47,-3.57
vultr,MAN,53.36,-2.27
vultr,MEL,-37.67,144.85
vultr,MEX,19.44,-99.07
vultr,MIA,25.8,-80.28
vultr,MXP,45.63,8.71
vultr,NRT,35.77,140.39
vultr,ORD,41.98,-87.9
vultr,SCL,-33.4,-70.79
vultr,SEA,47.44,-122.3
vultr,SIN,1.36,103.99
vultr,SJC,37.37,-121.93
vultr,SYD,-33.93,151.18
vultr,TLV,32,34.87
vultr,WAW,52.17,20.97
vultr,YYZ,43.68,-79.61
wasabi,AMS,52.31,4.76
wasabi,CDG,49,2.57
wasabi,DFW,32.9,-97.04
wasabi,FRA,50.05,8.57
wasabi,HEF,38.72,-77.52
wasabi,HIO,45.54,-122.95
wasabi,IAD,38.95,-77.45
wasabi,KIX,34.44,135.24
wasabi,LHR,51.47,-0.45
wasabi,MXP,45.63,8.71
wasabi,NRT,35.77,140.39
wasabi,SIN,1.36,103.99
wasabi,SJC,37.37,-121.93
wasabi,SYD,-33.93,151.18
wasabi,YYZ,43.68,-79.61
